{"mu": [8.217162132263184, 0.1212363988161087, 0.0], "std": [42.34926223754883, 37.07347869873047, 1.0], "charset": " !\"#%'()+,-./0123456789:;?ABCDEFGHIJKLMNOPQRSTUVWXYZ[abcdefghijklmnopqrstuvwxyz"}