{"mu": [8.155153142629707, 0.12573228772695993, 0.0], "std": [41.896229882555446, 36.77025473473143, 1.0], "charset": " !\"#%'()+,-./0123456789:;?ABCDEFGHIJKLMNOPQRSTUVWXYZabcdefghijklmnopqrstuvwxyz"}